collection_date,origin,destination,observations,average_fare,base_average_fare,route_index,weight
2026-09-30,BENGALURU,GOA,35,4255.0,0.0,42.970503956253594,0.03333333333333333
2026-09-30,BENGALURU,HYDERABAD,79,5453.620253164557,3713.9240506329115,55.075161143246135,0.03333333333333333
2026-09-30,BENGALURU,KOCHI,91,4843.2307692307695,3413.3333333333335,48.910944049419484,0.03333333333333333
2026-09-30,BOM,BLR,5040,15589.002182539683,0.0,157.43061808669032,0.03333333333333333
2026-09-30,BOM,DEL,8120,16411.70800492611,7168.567699836868,165.73898090588864,0.03333333333333333
2026-09-30,BOM,DXN,117,7884.444444444444,0.0,79.62363130267019,0.03333333333333333
2026-09-30,BOM,HDO,118,9645.483050847457,0.0,97.40805348916983,0.03333333333333333
2026-09-30,BOM,HYD,336,11983.28869047619,14881.115151515152,121.01714549542564,0.03333333333333333
2026-09-30,BOM,JAI,284,10304.845070422536,11726.510869565218,104.06683569146227,0.03333333333333333
2026-09-30,BOM,MAA,154,7514.331168831169,6493.038961038961,75.88592179056626,0.03333333333333333
2026-09-30,CCU,DEL,386,10931.626943005182,0.0,110.39659666338248,0.03333333333333333
2026-09-30,DBR,DEL,314,11762.012738853504,0.0,118.78251819704104,0.03333333333333333
2026-09-30,DEL,BLR,3827,21773.213483146068,21773.213483146068,219.88389097952577,0.03333333333333333
2026-09-30,DEL,BOM,8698,15792.614049206713,6298.354651162791,159.4868588674555,0.03333333333333333
2026-09-30,DEL,CCU,386,10485.541450777202,0.0,105.89165696688197,0.03333333333333333
2026-09-30,DEL,DBR,510,13954.392156862745,0.0,140.92297611835127,0.03333333333333333
2026-09-30,DEL,HYD,6663,20765.8320576317,21860.019227467812,209.71052140713527,0.03333333333333333
2026-09-30,DEL,NMI,460,7615.945652173913,0.0,76.91210876083467,0.03333333333333333
2026-09-30,DXN,BOM,201,8564.174129353234,0.0,86.48810300996892,0.03333333333333333
2026-09-30,DXN,NMI,43,8060.906976744186,0.0,81.40569568394318,0.03333333333333333
2026-09-30,GOA,BENGALURU,34,5528.64705882353,0.0,55.832843787052,0.03333333333333333
2026-09-30,HDO,BOM,123,9264.203252032521,0.0,93.5575752039955,0.03333333333333333
2026-09-30,HDO,NMI,29,6379.068965517241,0.0,64.42110651468228,0.03333333333333333
2026-09-30,HYD,DEL,302,11480.152317880795,0.0,115.93605889398133,0.03333333333333333
2026-09-30,HYDERABAD,BENGALURU,81,5188.222222222223,3317.5,52.394952650040615,0.03333333333333333
2026-09-30,KOCHI,BENGALURU,92,4902.815217391304,3329.3478260869565,49.51267701426401,0.03333333333333333
2026-09-30,NMI,BLR,395,7859.503797468355,0.0,79.37176005248038,0.03333333333333333
2026-09-30,NMI,DEL,588,8501.340136054421,0.0,85.85355345470833,0.03333333333333333
2026-09-30,NMI,DXN,14,8323.57142857143,0.0,84.058298237741,0.03333333333333333
2026-09-30,NMI,HDO,30,6045.5,0.0,61.05245162574173,0.03333333333333333
