advance_days,observations,average_fare
-258.0,124,21339.677419354837
-257.0,127,21031.984251968504
-256.0,65,19870.43076923077
-253.0,54,16160.037037037036
-252.0,171,15863.812865497077
-251.0,138,18495.0
-250.0,135,17262.014814814815
-249.0,64,16445.328125
-227.0,123,21398.585365853658
-226.0,125,21080.824
-225.0,65,19728.96923076923
-222.0,53,15766.735849056604
-221.0,171,15984.801169590643
-220.0,140,17083.657142857144
-219.0,138,17202.514492753624
-218.0,66,16476.969696969696
-199.0,122,20513.418032786885
-198.0,127,20619.700787401576
-197.0,65,19819.184615384616
-194.0,53,12215.150943396226
-193.0,170,15360.088235294117
-192.0,142,15885.922535211268
-191.0,135,17403.17037037037
-190.0,64,16495.109375
-168.0,121,23956.520661157025
-167.0,128,21131.2421875
-163.0,54,15853.592592592593
-162.0,168,16181.827380952382
-161.0,140,17379.8
-160.0,136,19019.058823529413
-159.0,66,16533.196969696968
-138.0,125,21406.136
-137.0,127,20966.133858267716
-133.0,55,11759.654545454545
-132.0,169,15985.976331360947
-131.0,138,16796.855072463768
-130.0,136,16508.683823529413
-129.0,65,15984.123076923077
-107.0,124,22074.129032258064
-106.0,128,22214.21875
-105.0,65,21548.861538461537
-102.0,55,10586.8
-101.0,165,16133.351515151515
-100.0,139,16971.187050359713
-99.0,136,16534.485294117647
-98.0,66,16501.257575757576
-77.0,123,21892.08130081301
-76.0,65,20991.446153846155
-75.0,65,19429.046153846153
-73.0,65,22782.476923076923
-72.0,53,11188.075471698114
-71.0,166,15854.981927710844
-70.0,141,17009.205673758865
-69.0,134,20250.649253731342
-68.0,64,16394.1875
-54.0,67,17002.86567164179
-46.0,124,20914.725806451614
-45.0,94,19729.808510638297
-44.0,65,19327.861538461537
-42.0,67,18681.44776119403
-41.0,56,10659.142857142857
-40.0,165,15631.169696969697
-39.0,137,16893.22627737226
-38.0,135,17649.207407407408
-37.0,65,16173.446153846155
-15.0,123,21555.70731707317
-14.0,61,21452.44262295082
-13.0,65,19968.292307692307
-11.0,65,21843.153846153848
-10.0,54,14159.314814814816
-9.0,165,15868.739393939393
-8.0,138,17209.746376811596
-7.0,138,18047.507246376812
-6.0,66,16574.71212121212
-1.0,6,6156.0
0.0,14,13643.57142857143
1.0,283,19597.44522968198
2.0,281,18052.085409252668
3.0,289,17399.80276816609
4.0,296,16687.18581081081
5.0,303,17023.58085808581
6.0,247,14967.348178137652
7.0,234,15412.653846153846
8.0,167,14968.347305389221
9.0,231,15364.839826839827
10.0,256,15018.52734375
11.0,185,14843.52972972973
12.0,115,12523.747826086956
13.0,58,8216.620689655172
14.0,51,8673.196078431372
15.0,180,17116.777777777777
16.0,111,14848.315315315316
17.0,125,14058.12
18.0,116,15913.163793103447
19.0,187,18523.930481283423
20.0,170,15809.623529411765
21.0,289,16013.52249134948
22.0,264,16628.083333333332
23.0,316,16080.335443037975
24.0,399,15698.29573934837
25.0,398,16150.108040201005
26.0,458,16972.578602620088
27.0,404,16317.40099009901
28.0,256,17159.48828125
29.0,391,17296.143222506395
30.0,398,16762.806532663315
31.0,400,16276.495
32.0,399,15981.644110275689
33.0,385,16382.155844155845
34.0,388,16581.80154639175
35.0,393,16280.386768447837
36.0,335,15427.2
37.0,266,13940.281954887218
38.0,270,13987.077777777778
39.0,282,14822.31560283688
40.0,263,14521.509505703421
41.0,259,15108.826254826256
42.0,224,14016.19642857143
43.0,157,13021.872611464969
44.0,91,9938.439560439561
45.0,91,10140.12087912088
46.0,217,17270.20276497696
47.0,154,15243.506493506493
48.0,236,17310.27966101695
49.0,193,14269.139896373057
50.0,238,17691.873949579833
51.0,224,15196.870535714286
52.0,402,16518.920398009952
53.0,321,17225.10280373832
54.0,399,18085.052631578947
55.0,468,18898.965811965812
56.0,341,17303.84750733138
57.0,468,18933.73717948718
58.0,432,17874.305555555555
59.0,407,16715.724815724814
60.0,411,16711.710462287105
61.0,404,16597.133663366338
62.0,431,16022.638051044083
63.0,448,15765.495535714286
64.0,366,15340.327868852459
65.0,406,15474.221674876848
66.0,360,14869.111111111111
67.0,232,12991.543103448275
68.0,292,13789.448630136987
69.0,300,13665.16
70.0,299,13528.391304347826
71.0,296,13539.486486486487
72.0,243,13451.637860082305
73.0,177,11839.389830508475
74.0,114,8958.17543859649
75.0,103,9163.980582524271
76.0,246,15579.979674796748
77.0,180,12700.744444444445
78.0,245,14796.640816326531
79.0,245,15530.918367346938
80.0,312,17440.19551282051
81.0,294,15906.921768707483
82.0,403,16189.605459057071
83.0,432,17464.150462962964
84.0,423,16856.224586288416
85.0,384,14978.104166666666
86.0,362,15829.67955801105
87.0,362,16368.53038674033
88.0,368,16844.75
89.0,371,16676.606469002694
90.0,369,16891.72357723577
91.0,375,16758.154666666665
92.0,367,16994.784741144413
93.0,364,16929.313186813186
94.0,363,16897.358126721763
95.0,334,17684.655688622755
96.0,299,16909.69230769231
97.0,230,17762.36086956522
98.0,236,17472.177966101695
99.0,232,17649.435344827587
100.0,231,17439.04761904762
101.0,229,17559.49344978166
102.0,151,19223.09271523179
103.0,140,19742.17142857143
104.0,71,19735.774647887323
